drop database if exists itsonmap;
create database itsonMap;
use itsonMap;
-- Tabla Categorías
CREATE TABLE categorias (
    id INT PRIMARY KEY,
    nombre VARCHAR(50) NOT NULL,
    color VARCHAR(10) NOT NULL,
    fillColor VARCHAR(10),
    fillOpacity DECIMAL(2,1)
);

-- Tabla Polígonos
CREATE TABLE poligonos (
    id INT PRIMARY KEY auto_increment,
    nombre VARCHAR(50) NOT NULL,
    coordenadas JSON NOT NULL,
    categoria_id INT NOT NULL,
    FOREIGN KEY (categoria_id) REFERENCES categorias(id)
);

-- Tabla Marcadores
CREATE TABLE marcadores (
    id INT AUTO_INCREMENT PRIMARY KEY,
    tipo VARCHAR(50) NOT NULL,
    lat DECIMAL(9,6) NOT NULL,
    lng DECIMAL(9,6) NOT NULL,
    iconUrl VARCHAR(255),
    visible_desde_zoom INT NOT NULL,
    activo BOOLEAN DEFAULT TRUE
);


-- Tabla de categorías solo para los polígonos (edificios)
INSERT INTO categorias (id, nombre, color, fillColor, fillOpacity) VALUES 
(1, 'Edificio de aula',        'blue',      'lightblue', 0.5),
(2, 'Edificio de laboratorio', '#ffb703',   null,   1),
(3, 'Cafetería',               '#fb5607',   null,   1),
(4, 'Administrativos',         '#8338ec',   null,   1),
(5, 'Servicios',               '#ff006e',   null,   1),
(6, 'Áreas deportivas',        '#70e000',   null,   1),
(7, 'Albercas',                '#62b6cb',   null,   1);

-- Categoría: Edificio de aula (id = 1)

INSERT INTO poligonos (nombre, coordenadas, categoria_id) VALUES 
('av1800', JSON_ARRAY(
    JSON_ARRAY(27.494282118774, -109.972479374124),
    JSON_ARRAY(27.4942820816047, -109.972028134889),
    JSON_ARRAY(27.4944435444149, -109.971841642858),
    JSON_ARRAY(27.4943766364704, -109.971766739974),
    JSON_ARRAY(27.4942533138866, -109.971899982982),
    JSON_ARRAY(27.4940298478337, -109.971900876247),
    JSON_ARRAY(27.4940285218544, -109.972478690773)
), 1),

('av1700', JSON_ARRAY(
    JSON_ARRAY(27.4924158953963,-109.972034961991),
    JSON_ARRAY(27.4926210991775,-109.972039612649),
    JSON_ARRAY(27.4926211856589,-109.972136453822),
    JSON_ARRAY(27.4925831260475,-109.972131257052),
    JSON_ARRAY(27.49258807752,-109.972237954771),
    JSON_ARRAY(27.4926253269764,-109.972218035673),
    JSON_ARRAY(27.4926071422856,-109.972237954771),
    JSON_ARRAY(27.4925834026262,-109.972238456452),
    JSON_ARRAY(27.4925829216513,-109.972259662659),
    JSON_ARRAY(27.4926160309771,-109.972259393966),
    JSON_ARRAY(27.4926160146967,-109.972361904617),
    JSON_ARRAY(27.4926019665367,-109.97236223989),
    JSON_ARRAY(27.4926019410098,-109.97243139061),
    JSON_ARRAY(27.4925762240199,-109.972429714231),
    JSON_ARRAY(27.4925769552232,-109.972470708846),
    JSON_ARRAY(27.4923733172034,-109.972470140788),
    JSON_ARRAY(27.492373579763,-109.972430494388),
    JSON_ARRAY(27.4924258897774,-109.972431248744),
    JSON_ARRAY(27.492425699485,-109.972355811716),
    JSON_ARRAY(27.4924164447841,-109.972355727891),
    JSON_ARRAY(27.4924208351949,-109.972253835035),
    JSON_ARRAY(27.4924399835466,-109.972253918855),
    JSON_ARRAY(27.4924405179841,-109.972147296628),
    JSON_ARRAY(27.492417133477304,-109.97214837232028)
), 1),

( 'av1600', JSON_ARRAY(
    JSON_ARRAY(27.49352973580146,-109.97194980937574),
    JSON_ARRAY(27.49353484317153,-109.9714991873573),
    JSON_ARRAY(27.493416243944154,-109.97149298479513),
    JSON_ARRAY(27.49341467145213,-109.97194568172002)
), 1),

( 'av1500', JSON_ARRAY(
    JSON_ARRAY(27.493073189609746,-109.9718361366827),
    JSON_ARRAY(27.493068711331887,-109.97138635337514),
    JSON_ARRAY(27.4929489286137,-109.97138535001807),
    JSON_ARRAY(27.49295449177194,-109.97183640424133)
), 1),

( 'av1400', JSON_ARRAY(
    JSON_ARRAY(27.492887872710554,-109.97183557925867),
    JSON_ARRAY(27.492883033258295,-109.9713691959802),
    JSON_ARRAY(27.492759144070845,-109.9713744017756),
    JSON_ARRAY(27.4927692862355,-109.97183528695582)
), 1),

( 'av1300', JSON_ARRAY(
    JSON_ARRAY(27.493533416878577,-109.97076811100631),
    JSON_ARRAY(27.493525538790223,-109.97030691266508),
    JSON_ARRAY(27.493406317856397,-109.97030691459709),
    JSON_ARRAY(27.49341123400852,-109.97077286899707)
), 1),

( 'av1200', JSON_ARRAY(
    JSON_ARRAY(27.493276382963842,-109.97070890971675),
    JSON_ARRAY(27.493277382744978,-109.97032836947159),
    JSON_ARRAY(27.49316344906036,-109.97032895687869),
    JSON_ARRAY(27.493167628547198,-109.97070750727752)
), 1),

('av1100', JSON_ARRAY(
    JSON_ARRAY(27.49310841819782,-109.97076087262688),
    JSON_ARRAY(27.493104575689742,-109.9702967507805),
    JSON_ARRAY(27.49298235075119,-109.97030299695263),
    JSON_ARRAY(27.49299252252149,-109.97076199801529)
), 1),

('av1000', JSON_ARRAY(
    JSON_ARRAY(27.493089167890233,-109.97011954810763),
    JSON_ARRAY(27.49309021443284,-109.96978854645053),
    JSON_ARRAY(27.492981396147115,-109.96978921945521),
    JSON_ARRAY(27.492974791128646,-109.97010518548848),
    JSON_ARRAY(27.492994839697587,-109.9701066254309),
    JSON_ARRAY(27.49299565474975,-109.97016038737881),
    JSON_ARRAY(27.493053741165326,-109.9701629492394),
    JSON_ARRAY(27.49305483919038,-109.97011939759732)
), 1),
( 'av800', JSON_ARRAY(
    JSON_ARRAY(27.49284731394218,-109.96955430406533),
    JSON_ARRAY(27.492839806910922,-109.96915923019205),
    JSON_ARRAY(27.492716686244407,-109.96916408305243),
    JSON_ARRAY(27.492725652495608,-109.96955608796378)
), 1),

( 'av700', JSON_ARRAY(
    JSON_ARRAY(27.492630366974907,-109.9695612395497),
    JSON_ARRAY(27.492630638700305,-109.96931497283553),
    JSON_ARRAY(27.492521259448793,-109.96931468012397),
    JSON_ARRAY(27.49252194050497,-109.96956124092752)
), 1),

( 'av600', JSON_ARRAY(
    JSON_ARRAY(27.49227522273013,-109.96957100366815),
    JSON_ARRAY(27.492271498929284,-109.96925820365341),
    JSON_ARRAY(27.492391633833876,-109.96925870575622),
    JSON_ARRAY(27.49239223111708,-109.96957188007678)
), 1),

('av500', JSON_ARRAY(
    JSON_ARRAY(27.49217405984413,-109.96932011458405),
    JSON_ARRAY(27.492173842105885,-109.96898252068665),
    JSON_ARRAY(27.49205488634962,-109.96898192630815),
    JSON_ARRAY(27.492055448792584,-109.96931919541895)
), 1),

( 'av400', JSON_ARRAY(
    JSON_ARRAY(27.491968734570392,-109.96938366376331),
    JSON_ARRAY(27.49197401709091,-109.96901418292488),
    JSON_ARRAY(27.491854665189877,-109.96901350876368),
    JSON_ARRAY(27.491850177836568,-109.9693837318017)
), 1),

( 'av300', JSON_ARRAY(
    JSON_ARRAY(27.49175437046972,-109.96913819198377),
    JSON_ARRAY(27.491631937376184,-109.96913679334189),
    JSON_ARRAY(27.49163166636768,-109.96949171815858),
    JSON_ARRAY(27.491754280504907,-109.96949097093001)
), 1),

('av200', JSON_ARRAY(
    JSON_ARRAY(27.491521820415997,-109.96957263824926),
    JSON_ARRAY(27.49152149639508,-109.96913822804464),
    JSON_ARRAY(27.491403123355823,-109.96913791639649),
    JSON_ARRAY(27.49140300403714,-109.96956716527637)
), 1),

( 'lv100', JSON_ARRAY(
    JSON_ARRAY(27.49167719089698,-109.96794628816622),
    JSON_ARRAY(27.491672204483137,-109.96759488292716),
    JSON_ARRAY(27.491326624466282,-109.96759429177985),
    JSON_ARRAY(27.491326600989012,-109.96793878997224)
), 2),

('lv200', JSON_ARRAY(
    JSON_ARRAY(27.49168328071123,-109.96876209588622),
    JSON_ARRAY(27.491683698561587,-109.96840372523081),
    JSON_ARRAY(27.491327307265934,-109.96840879270279),
    JSON_ARRAY(27.491332182601283,-109.9687614322599)
), 2),

('LV300', JSON_ARRAY(
    JSON_ARRAY(27.491869537747576,-109.97014068782998),
    JSON_ARRAY(27.491868491477277,-109.96973374818805),
    JSON_ARRAY(27.491755332477013,-109.96973295012624),
    JSON_ARRAY(27.491755299141886,-109.97013982924301)
), 2),

( 'LV500', JSON_ARRAY(
    JSON_ARRAY(27.49284513377998,-109.97074200324208),
    JSON_ARRAY(27.4928482935766,-109.97030646478348),
    JSON_ARRAY(27.492610999582183,-109.97030669411069),
    JSON_ARRAY(27.49260653383358,-109.9707411429692)
), 2),

( 'LV700', JSON_ARRAY(
    JSON_ARRAY(27.49311518350106,-109.97090168260772),
    JSON_ARRAY(27.49311918252907,-109.97132116500508),
    JSON_ARRAY(27.493324379939608,-109.97132093563731),
    JSON_ARRAY(27.493324691487373,-109.97089778361145)
), 2)
,

('LV800', JSON_ARRAY(
    JSON_ARRAY(27.49369117010707,-109.97139801793956),
    JSON_ARRAY(27.493692095100144,-109.97093223026845),
    JSON_ARRAY(27.493653834236838,-109.97092882541745),
    JSON_ARRAY(27.49365387195094,-109.97089239318879),
    JSON_ARRAY(27.493476634669705,-109.97089126702814),
    JSON_ARRAY(27.49347218650624,-109.97092890727086),
    JSON_ARRAY(27.493445164312163,-109.97092821467045),
    JSON_ARRAY(27.4934447674066,-109.97139599205417)
), 2),

('LV900', JSON_ARRAY(
    JSON_ARRAY(27.493335292830636,-109.97174762513058),
    JSON_ARRAY(27.493330066615755,-109.97140799783962),
    JSON_ARRAY(27.49315431998616,-109.97140867880587),
    JSON_ARRAY(27.493158407014832,-109.97175086937574)
), 2),

( 'LV1500', JSON_ARRAY(
    JSON_ARRAY(27.494573554842972,-109.97231175600963),
    JSON_ARRAY(27.494725009214378,-109.97230889244759),
    JSON_ARRAY(27.49472534222012,-109.97225446458964),
    JSON_ARRAY(27.494776940297882,-109.97225425437676),
    JSON_ARRAY(27.49477231864617,-109.9721576053145),
    JSON_ARRAY(27.494720886052974,-109.97215722537408),
    JSON_ARRAY(27.49471983446618,-109.97194849149443),
    JSON_ARRAY(27.494662803254414,-109.97195361209083),
    JSON_ARRAY(27.494667082985686,-109.97181462353967),
    JSON_ARRAY(27.49457683963061,-109.97181437212194),
    JSON_ARRAY(27.494577228640637,-109.97189480409504),
    JSON_ARRAY(27.494481312273322,-109.97189031756943),
    JSON_ARRAY(27.494482157224823,-109.97209302110464),
    JSON_ARRAY(27.494505042036096,-109.97209675840455),
    JSON_ARRAY(27.49450519342139,-109.97239794847637),
    JSON_ARRAY(27.49457654344745,-109.97239895533292)
), 2),

( 'LV1100', JSON_ARRAY(
    JSON_ARRAY(27.493229673427535,-109.97246872529105),
    JSON_ARRAY(27.493430266880793,-109.97246372298257),
    JSON_ARRAY(27.49342542453678,-109.97234008552854),
    JSON_ARRAY(27.493482516205773,-109.97234041559861),
    JSON_ARRAY(27.49348246166352,-109.97222260859262),
    JSON_ARRAY(27.49351099077225,-109.9722224918318),
    JSON_ARRAY(27.493511287934865,-109.97209885445986),
    JSON_ARRAY(27.4934254832703,-109.97210383192362),
    JSON_ARRAY(27.493425207717834,-109.97213644260674),
    JSON_ARRAY(27.49336364204899,-109.97213666111583),
    JSON_ARRAY(27.493363302479978,-109.97210405121164),
    JSON_ARRAY(27.493297059797868,-109.97210401693597),
    JSON_ARRAY(27.493278135437635,-109.97212521085432),
    JSON_ARRAY(27.493220749685577,-109.97212459117411),
    JSON_ARRAY(27.49322101196212,-109.9720879579549),
    JSON_ARRAY(27.493135099287215,-109.97208755553555),
    JSON_ARRAY(27.493135716976894,-109.97221640597176),
    JSON_ARRAY(27.493159138838152,-109.97221176295488),
    JSON_ARRAY(27.4931588924087,-109.97233488879925),
    JSON_ARRAY(27.493229986406348,-109.97233499375076)
), 2),

('CafeteriaAl', JSON_ARRAY(
    JSON_ARRAY(27.49218329174758,-109.96966899149763),
    JSON_ARRAY(27.492188243257544,-109.96944879890677),
    JSON_ARRAY(27.491916678231647,-109.96944284777712),
    JSON_ARRAY(27.49191234019179,-109.9696570053935)
), 3),
( 'RegistroEsc', JSON_ARRAY(
    JSON_ARRAY(27.492640262832765,-109.97122456840508),
    JSON_ARRAY(27.492640227931318,-109.9711708403617),
    JSON_ARRAY(27.492659132275293,-109.97117084038861),
    JSON_ARRAY(27.492654383053804,-109.97088652624242),
    JSON_ARRAY(27.492635525180646,-109.9708865262512),
    JSON_ARRAY(27.492635388039588,-109.97084335942465),
    JSON_ARRAY(27.49232130062873,-109.97084319179017),
    JSON_ARRAY(27.492321161271235,-109.97090203273868),
    JSON_ARRAY(27.492302417168972,-109.9709021165459),
    JSON_ARRAY(27.49230723852395,-109.97118031184444),
    JSON_ARRAY(27.492321374979298,-109.97118115002648),
    JSON_ARRAY(27.492326212607765,-109.97122440065063)
), 4),
('Tutoria', JSON_ARRAY(
    JSON_ARRAY(27.492773379810274,-109.97232402248301),
    JSON_ARRAY(27.492811344162064,-109.97232410628165),
    JSON_ARRAY(27.492811537018966,-109.97237246986803),
    JSON_ARRAY(27.49286847538663,-109.97237221843199),
    JSON_ARRAY(27.492868598523103,-109.97239912433945),
    JSON_ARRAY(27.49295887260847,-109.97239929196247),
    JSON_ARRAY(27.492959065441,-109.9723775828203),
    JSON_ARRAY(27.493020857584824,-109.97237775042395),
    JSON_ARRAY(27.4930211317684,-109.97233466744436),
    JSON_ARRAY(27.49305428634726,-109.97233491889564),
    JSON_ARRAY(27.49305402626834,-109.97206116448359),
    JSON_ARRAY(27.492773527440974,-109.97206066762806)
), 4),
('Biblioteca', JSON_ARRAY(
    JSON_ARRAY(27.49237326657706,-109.97009771347938),
    JSON_ARRAY(27.492406584681916,-109.97009757669132),
    JSON_ARRAY(27.492407142053523,-109.97018443356407),
    JSON_ARRAY(27.492435849380442,-109.97022642578774),
    JSON_ARRAY(27.49249294927212,-109.97024242933847),
    JSON_ARRAY(27.492558899087953,-109.97022697291979),
    JSON_ARRAY(27.49259281621049,-109.97018333931007),
    JSON_ARRAY(27.492592402905487,-109.97010468936885),
    JSON_ARRAY(27.492939737634075,-109.97010345838741),
    JSON_ARRAY(27.492939711120997,-109.96979227824303),
    JSON_ARRAY(27.492373593429946,-109.96979154711097)
), 5),
( 'Polideportivo', JSON_ARRAY(
    JSON_ARRAY(27.4939436407695,-109.97344483289164),
    JSON_ARRAY(27.493944102715744,-109.97336491267959),
    JSON_ARRAY(27.494217883346167,-109.97337001392977),
    JSON_ARRAY(27.494224332233628,-109.97265253435869),
    JSON_ARRAY(27.493801033969476,-109.97264607263995),
    JSON_ARRAY(27.493798799694858,-109.97288447293157),
    JSON_ARRAY(27.493753675444452,-109.97289824644454),
    JSON_ARRAY(27.493720420248366,-109.97293004449399),
    JSON_ARRAY(27.49371009253028,-109.97299381062811),
    JSON_ARRAY(27.493714848663842,-109.97306437849433),
    JSON_ARRAY(27.493747962438704,-109.97310705929453),
    JSON_ARRAY(27.493795858390783,-109.97312831467488),
    JSON_ARRAY(27.49379701312745,-109.97344034347459)
), 6),
( 'av900', JSON_ARRAY(
    JSON_ARRAY(27.491848264722194,-109.97191711767935),
    JSON_ARRAY(27.491852785957107,-109.97139201655037),
    JSON_ARRAY(27.491722887748907,-109.97139057323676),
    JSON_ARRAY(27.491717646441742,-109.97190913690545)
), 1),
('VideoConferencias', JSON_ARRAY(
    JSON_ARRAY(27.49294856510268,-109.97131601093027),
    JSON_ARRAY(27.492948408784017,-109.97129451224681),
    JSON_ARRAY(27.493011676449754,-109.97129451224362),
    JSON_ARRAY(27.493010811205465,-109.97120201699283),
    JSON_ARRAY(27.49303457030797,-109.97120287608105),
    JSON_ARRAY(27.49303436388793,-109.97103621277839),
    JSON_ARRAY(27.493005857716227,-109.97103707185676),
    JSON_ARRAY(27.493005738629137,-109.97093484025096),
    JSON_ARRAY(27.492873590937393,-109.97093398116174),
    JSON_ARRAY(27.492871439690532,-109.97098924923311),
    JSON_ARRAY(27.492772553031713,-109.97110694442661),
    JSON_ARRAY(27.492749973829277,-109.97110796321381),
    JSON_ARRAY(27.492749826966403,-109.97129424234515),
    JSON_ARRAY(27.492811536391812,-109.97129520094146),
    JSON_ARRAY(27.492811627681647,-109.97131453044464)
), 4),
('cisco', JSON_ARRAY(
    JSON_ARRAY(27.49251643302854,-109.9719592157096),
    JSON_ARRAY(27.492634442844178,-109.97187944833011),
    JSON_ARRAY(27.49257879136468,-109.9718147096174),
    JSON_ARRAY(27.492625309519212,-109.97174650277657),
    JSON_ARRAY(27.492639597792888,-109.97170670169432),
    JSON_ARRAY(27.492654179058007,-109.97163849484456),
    JSON_ARRAY(27.492658075030192,-109.97157821517756),
    JSON_ARRAY(27.492644528410253,-109.97150406292816),
    JSON_ARRAY(27.492610471871856,-109.97143387428407),
    JSON_ARRAY(27.492592685889377,-109.97140761546176),
    JSON_ARRAY(27.492648873006573,-109.97133214201311),
    JSON_ARRAY(27.492562250553263,-109.97126789874768),
    JSON_ARRAY(27.492316807070907,-109.97155739476753),
    JSON_ARRAY(27.492302088423017,-109.97159950796238),
    JSON_ARRAY(27.492311258404087,-109.97163171215553),
    JSON_ARRAY(27.492334043554024,-109.97165962250611),
    JSON_ARRAY(27.492288129561103,-109.97171263558354)
), 5),
('cad', JSON_ARRAY(
    JSON_ARRAY(27.4921071378772,-109.9718309583548),
    JSON_ARRAY(27.492107193470147,-109.97185132408926),
    JSON_ARRAY(27.492140716039373,-109.97185195720989),
    JSON_ARRAY(27.492140783292186,-109.97170686466171),
    JSON_ARRAY(27.492159647775466,-109.9716862879005),
    JSON_ARRAY(27.492164395352873,-109.97164861659586),
    JSON_ARRAY(27.492159682910497,-109.97161134927006),
    JSON_ARRAY(27.49213634877944,-109.97158380808683),
    JSON_ARRAY(27.49214082139177,-109.97144990082528),
    JSON_ARRAY(27.492112224913,-109.97144926405853),
    JSON_ARRAY(27.492111432181275,-109.97146561994641),
    JSON_ARRAY(27.49208836128534,-109.9714650923395),
    JSON_ARRAY(27.492088108034167,-109.971439024616),
    JSON_ARRAY(27.49207805863827,-109.97142251224126),
    JSON_ARRAY(27.49206011146964,-109.97141781839471),
    JSON_ARRAY(27.492035846611444,-109.97142309901281),
    JSON_ARRAY(27.492021387127878,-109.97143324111376),
    JSON_ARRAY(27.492021500985416,-109.97146014702135),
    JSON_ARRAY(27.492002808081494,-109.97146006320546),
    JSON_ARRAY(27.492002371261307,-109.97144966964113),
    JSON_ARRAY(27.491964643735486,-109.97144405378133),
    JSON_ARRAY(27.491964216327077,-109.97158352864611),
    JSON_ARRAY(27.491940615959606,-109.97158327720177),
    JSON_ARRAY(27.49194051139618,-109.97170121055967),
    JSON_ARRAY(27.49196427910013,-109.97170162966657),
    JSON_ARRAY(27.491964358154178,-109.97184529551006),
    JSON_ARRAY(27.491988379217602,-109.97184663667694),
    JSON_ARRAY(27.4919883885305,-109.97183037577656),
    JSON_ARRAY(27.49202144583876,-109.97183045961259),
    JSON_ARRAY(27.492021489987806,-109.97185753315432),
    JSON_ARRAY(27.492031312605278,-109.97187301566136),
    JSON_ARRAY(27.49205054934437,-109.97188382831388),
    JSON_ARRAY(27.492069102965218,-109.97187871533849),
    JSON_ARRAY(27.49208316973113,-109.97185675473962),
    JSON_ARRAY(27.49207868296979,-109.9718303517434)
), 4),
('avb400', JSON_ARRAY(
    JSON_ARRAY(27.49253304473909,-109.97076921751182),
    JSON_ARRAY(27.49252855637208,-109.97044092824598),
    JSON_ARRAY(27.492407313799603,-109.97044255143415),
    JSON_ARRAY(27.492411464682846,-109.97076759430998)
), 4),  -- color '#8338ec' = Administrativos/Académicos

( 'aulaMagna', JSON_ARRAY(
    JSON_ARRAY(27.49225850638058,-109.97046810533175),
    JSON_ARRAY(27.492254091229512,-109.97024252487462),
    JSON_ARRAY(27.492125726068707,-109.970243135111364),
    JSON_ARRAY(27.492126724009864,-109.97047237515066)
), 5),  -- color '#ff006e' = Servicios

('cafeteriaKiawa', JSON_ARRAY(
    JSON_ARRAY(27.493424795688114,-109.97267232298178),
    JSON_ARRAY(27.49353982409552,-109.97272211150768),
    JSON_ARRAY(27.49360060277084,-109.97254961193805),
    JSON_ARRAY(27.493535102608845,-109.9725226222172),
    JSON_ARRAY(27.493487326194725,-109.97249596770743),
    JSON_ARRAY(27.49348220042036,-109.97252329265328)
), 3),  -- color '#fb5607' = Cafetería

('difusion', JSON_ARRAY(
    JSON_ARRAY(27.49160258635169,-109.97249403639755),
    JSON_ARRAY(27.491769279416886,-109.97250156251079),
    JSON_ARRAY(27.491773258403057,-109.97221177074896),
    JSON_ARRAY(27.491607476023177,-109.97220720577957)
), 5),  -- Servicios

('cultural', JSON_ARRAY(
    JSON_ARRAY(27.49151235150704,-109.97248556825542),
    JSON_ARRAY(27.4915164101659,-109.97219503900314),
    JSON_ARRAY(27.491345875635474,-109.97219604055246),
    JSON_ARRAY(27.491346271110174,-109.9724857501123)
), 5),  -- Servicios

('cafeteria2', JSON_ARRAY(
    JSON_ARRAY(27.491897339928357,-109.970422),
    JSON_ARRAY(27.491756,-109.970422),
    JSON_ARRAY(27.491759,-109.970661),
    JSON_ARRAY(27.491902322665297,-109.97065558764709),
    JSON_ARRAY(27.491897214941474,-109.97061158327313)
), 3),  -- Cafetería

( 'libreria', JSON_ARRAY(
    JSON_ARRAY(27.491897339928357,-109.97037),
    JSON_ARRAY(27.491897339928357,-109.970183),
    JSON_ARRAY(27.491754,-109.970183),
    JSON_ARRAY(27.491754,-109.97037)
), 4),
('beisbolCancha', JSON_ARRAY(
    JSON_ARRAY(27.49542873941788,-109.97284415531223),
    JSON_ARRAY(27.495571477430964,-109.97284951730934),
    JSON_ARRAY(27.49622331200498,-109.97345542298342),
    JSON_ARRAY(27.49643265951647,-109.97338571702093),
    JSON_ARRAY(27.4964707226576,-109.97339107901804),
    JSON_ARRAY(27.496699101227993,-109.97319804712188),
    JSON_ARRAY(27.496803774581064,-109.9730371872084),
    JSON_ARRAY(27.496903689961634,-109.97267257140453),
    JSON_ARRAY(27.496865626970216,-109.9724312815343),
    JSON_ARRAY(27.496727648515993,-109.97220071565833),
    JSON_ARRAY(27.49649927000481,-109.97194333979678),
    JSON_ARRAY(27.496247101515,-109.97184682384868),
    JSON_ARRAY(27.49556671950019,-109.97253315947951),
    JSON_ARRAY(27.495438255291187,-109.97254388347373)
), 6),

('beisbolCanchaChica', JSON_ARRAY(
    JSON_ARRAY(27.49580935084415,-109.9722269518873),
    JSON_ARRAY(27.495780803318013,-109.9714923582824),
    JSON_ARRAY(27.495623791792003,-109.97138511834012),
    JSON_ARRAY(27.495590486287995,-109.97127787839781),
    JSON_ARRAY(27.495305010126025,-109.97128860239202),
    JSON_ARRAY(27.49510993432289,-109.97136367035165),
    JSON_ARRAY(27.494990985492812,-109.97150308227667),
    JSON_ARRAY(27.494929132050366,-109.97166394219013),
    JSON_ARRAY(27.494895826336208,-109.97183016410074),
    JSON_ARRAY(27.494886310416007,-109.97210362595364),
    JSON_ARRAY(27.49493864796685,-109.97224839987577)
), 6),

('futbolCancha1', JSON_ARRAY(
    JSON_ARRAY(27.49486727857316,-109.97163713220455),
    JSON_ARRAY(27.49487203653419,-109.97142265231993),
    JSON_ARRAY(27.494439061239483,-109.97141729032282),
    JSON_ARRAY(27.494439061239483,-109.97163713220455)
), 6),

( 'futbolCancha2', JSON_ARRAY(
    JSON_ARRAY(27.494153582091688,-109.97142801431704),
    JSON_ARRAY(27.494148824099614,-109.97163177020744),
    JSON_ARRAY(27.49372060397135,-109.97163177020744),
    JSON_ARRAY(27.493725361981948,-109.97141729032282)
), 6),

( 'ateltismoCancha', JSON_ARRAY(
    JSON_ARRAY(27.49507680265436,-109.97116525467014),
    JSON_ARRAY(27.495162445758222,-109.97112772069032),
    JSON_ARRAY(27.4951529298611,-109.97042529906815),
    JSON_ARRAY(27.495105350363062,-109.97038240309124),
    JSON_ARRAY(27.495005433350258,-109.97036095510276),
    JSON_ARRAY(27.49423464191763,-109.97036631709989),
    JSON_ARRAY(27.49417278805026,-109.97042529906815),
    JSON_ARRAY(27.494187062022736,-109.97111163469897),
    JSON_ARRAY(27.494277463805492,-109.97117061666728)
), 6),

( 'tennisCancha1', JSON_ARRAY(
    JSON_ARRAY(27.492250390046646,-109.97242060837927),
    JSON_ARRAY(27.492245631972338,-109.97202918258982),
    JSON_ARRAY(27.49192208243625,-109.97202918258982),
    JSON_ARRAY(27.491917324347742,-109.97241524638216)
), 6),

('tennisCancha2', JSON_ARRAY(
    JSON_ARRAY(27.492297949586806,-109.97252186172867),
    JSON_ARRAY(27.4926310141343,-109.97253258572292),
    JSON_ARRAY(27.4926310141343,-109.97286502954407),
    JSON_ARRAY(27.492288433442056,-109.97285966754696)
), 6),

( 'tennisCancha3', JSON_ARRAY(
    JSON_ARRAY(27.492683352757297,-109.973417315247),
    JSON_ARRAY(27.492683352757297,-109.97288111553544),
    JSON_ARRAY(27.492355046437925,-109.97288111553544),
    JSON_ARRAY(27.492350288368144,-109.97342267724414)
), 6),
( 'basquetGym', JSON_ARRAY(
    JSON_ARRAY(27.49174601183271,-109.97286502954407),
    JSON_ARRAY(27.491712705155585,-109.97285966754696),
    JSON_ARRAY(27.491707947057993,-109.97273097961619),
    JSON_ARRAY(27.491408186497488,-109.9727363416133),
    JSON_ARRAY(27.491412944608005,-109.97316530138258),
    JSON_ARRAY(27.491446251375812,-109.97316530138258),
    JSON_ARRAY(27.491451009484674,-109.9732135593566),
    JSON_ARRAY(27.491688914665726,-109.9732135593566),
    JSON_ARRAY(27.491688914665726,-109.97318138737391),
    JSON_ARRAY(27.49174125373657,-109.97318138737391),
    JSON_ARRAY(27.49174125373657,-109.97287039154122),
    JSON_ARRAY(27.491712705155585,-109.97285966754696)
), 6),

( 'albercaOlimpca', JSON_ARRAY(
    JSON_ARRAY(27.49351129758917,-109.97327862233347),
    JSON_ARRAY(27.493516055608797,-109.97300516048053),
    JSON_ARRAY(27.493016462425818,-109.97301588447478),
    JSON_ARRAY(27.493016462425818,-109.97328934632769)
), 7),

( 'albercaChica', JSON_ARRAY(
    JSON_ARRAY(27.49218375579572,-109.97292401151236),
    JSON_ARRAY(27.492188513872698,-109.97278996158447),
    JSON_ARRAY(27.491960125945116,-109.97279532358158),
    JSON_ARRAY(27.491955367858235,-109.97291864951526)
), 7);


INSERT INTO marcadores (tipo, lat, lng, iconUrl, visible_desde_zoom, activo) VALUES
('bebedero', 27.492296, -109.971695, 'ImgBebede.png', 15, TRUE),
('bebedero', 27.492576, -109.970056, 'ImgBebede.png', 15, TRUE),
('bebedero', 27.491880, -109.969931, 'ImgBebede.png', 15, TRUE),
('bebedero', 27.493281, -109.970397, 'ImgBebede.png', 15, TRUE),
('bebedero', 27.491948, -109.970560, 'ImgBebede.png', 15, TRUE),
('bebedero', 27.491931, -109.970244, 'ImgBebede.png', 15, TRUE),
('bebedero', 27.492896, -109.972047, 'ImgBebede.png', 15, TRUE),
('bebedero', 27.493678, -109.972097, 'ImgBebede.png', 15, TRUE),
('bebedero', 27.493151, -109.971482, 'ImgBebede.png', 15, TRUE),
('bebedero', 27.492422, -109.972173, 'ImgBebede.png', 15, TRUE),
('bebedero', 27.492297, -109.971695, 'ImgBebede.png', 15, TRUE),
('bebedero', 27.492289, -109.969236, 'ImgBebede.png', 15, TRUE),
('bebedero', 27.492703, -109.969525, 'ImgBebede.png', 15, TRUE),
('bebedero', 27.492316, -109.969649, 'ImgBebede.png', 15, TRUE),
('bebedero', 27.491621, -109.969727, 'ImgBebede.png', 15, TRUE),
('bebedero', 27.492919, -109.971363, 'ImgBebede.png', 15, TRUE),
('bebedero', 27.491582, -109.972461, 'ImgBebede.png', 15, TRUE),
('bebedero', 27.494142, -109.973125, 'ImgBebede.png', 15, TRUE),

('baño_hombre', 27.492640, -109.970566, 'bañosHombres.png', 15, TRUE),

('baño_mujer', 27.492640, -109.970453, 'bañosMujeres.png', 15, TRUE),

('baño_mix', 27.492043, -109.968415, 'bañosHombresMujeres.png', 15, TRUE),
('baño_mix', 27.492712, -109.969478, 'bañosHombresMujeres.png', 15, TRUE),
('baño_mix', 27.492042, -109.970267, 'bañosHombresMujeres.png', 15, TRUE),
('baño_mix', 27.492041, -109.970528, 'bañosHombresMujeres.png', 15, TRUE),
('baño_mix', 27.493274, -109.970384, 'bañosHombresMujeres.png', 15, TRUE),
('baño_mix', 27.491767, -109.971456, 'bañosHombresMujeres.png', 15, TRUE),

('entrada', 27.491280, -109.969749, 'entradas.png', 15, TRUE),
('entrada', 27.492227, -109.968184, 'entradas.png', 15, TRUE),
('entrada', 27.494972, -109.973492, 'entradas.png', 15, TRUE),
('entrada', 27.493659, -109.973471, 'entradas.png', 15, TRUE),
('entrada', 27.491261, -109.972613, 'entradas.png', 15, TRUE);


